Workbook
Name Slicer_City: #N/A

Sheet TASK-1-2-3
A1: Order ID | B1: Restaurant ID | C1: City | D1: Delivery Partner | E1: Delivery Date | F1: Delivery Time (mins) | G1: Delivery Charge (INR) | H1: RESTAURANT NAME | I1: DAY OF WEEK
A2: ORD001 | B2: 102 | C2: Ahmedabad | D2: Unassigned | E2: 46058 | F2: 35 | G2: 40 | H2: =_xlfn.XLOOKUP(B2,'Restaurant Details'!A:A,'Restaurant Details'!B:B) -> Domino's Pizza | I2: =TEXT(E2,"dddd") -> Thursday
A3: ORD002 | B3: 103 | C3: Ahmedabad | D3: Unassigned | E3: 46092 | F3: 25 | G3: 70 | H3: =_xlfn.XLOOKUP(B3,'Restaurant Details'!A:A,'Restaurant Details'!B:B) -> Subway | I3: =TEXT(E3,"dddd") -> Wednesday
A4: ORD003 | B4: 107 | C4: Ahmedabad | D4: Rahul | E4: 46034 | F4: 33 | G4: 40 | H4: =_xlfn.XLOOKUP(B4,'Restaurant Details'!A:A,'Restaurant Details'!B:B) -> Biryani Blues | I4: =TEXT(E4,"dddd") -> Monday
A5: ORD004 | B5: 109 | C5: Bengaluru | D5: Rahul | E5: 46094 | F5: 32 | G5: 80 | H5: =_xlfn.XLOOKUP(B5,'Restaurant Details'!A:A,'Restaurant Details'!B:B) -> Cafe Coffee Day | I5: =TEXT(E5,"dddd") -> Friday
A6: ORD005 | B6: 109 | C6: Pune | D6: Amit | E6: 46080 | F6: 57 | G6: 50 | H6: =_xlfn.XLOOKUP(B6,'Restaurant Details'!A:A,'Restaurant Details'!B:B) -> Cafe Coffee Day | I6: =TEXT(E6,"dddd") -> Friday
A7: ORD006 | B7: 101 | C7: Mumbai | D7: Unassigned | E7: 46077 | F7: 41 | G7: 50 | H7: =_xlfn.XLOOKUP(B7,'Restaurant Details'!A:A,'Restaurant Details'!B:B) -> Burger King | I7: =TEXT(E7,"dddd") -> Tuesday
A8: ORD007 | B8: 103 | C8: Mumbai | D8: Neha | E8: 46036 | F8: 25 | G8: 60 | H8: =_xlfn.XLOOKUP(B8,'Restaurant Details'!A:A,'Restaurant Details'!B:B) -> Subway | I8: =TEXT(E8,"dddd") -> Wednesday
A9: ORD008 | B9: 102 | C9: Delhi | D9: Neha | E9: 46100 | F9: 36 | G9: 30 | H9: =_xlfn.XLOOKUP(B9,'Restaurant Details'!A:A,'Restaurant Details'!B:B) -> Domino's Pizza | I9: =TEXT(E9,"dddd") -> Thursday
A10: ORD009 | B10: 108 | C10: Bengaluru | D10: Rahul | E10: 46071 | F10: 25 | G10: 70 | H10: =_xlfn.XLOOKUP(B10,'Restaurant Details'!A:A,'Restaurant Details'!B:B) -> Wow! Momo | I10: =TEXT(E10,"dddd") -> Wednesday
A11: ORD010 | B11: 105 | C11: Bengaluru | D11: Neha | E11: 46096 | F11: 32 | G11: 80 | H11: =_xlfn.XLOOKUP(B11,'Restaurant Details'!A:A,'Restaurant Details'!B:B) -> McDonald's | I11: =TEXT(E11,"dddd") -> Sunday
A12: ORD011 | B12: 102 | C12: Ahmedabad | D12: Unassigned | E12: 46052 | F12: 38 | G12: 30 | H12: =_xlfn.XLOOKUP(B12,'Restaurant Details'!A:A,'Restaurant Details'!B:B) -> Domino's Pizza | I12: =TEXT(E12,"dddd") -> Friday
A13: ORD012 | B13: 104 | C13: Ahmedabad | D13: Priya | E13: 46058 | F13: 49 | G13: 80 | H13: =_xlfn.XLOOKUP(B13,'Restaurant Details'!A:A,'Restaurant Details'!B:B) -> Haldiram's | I13: =TEXT(E13,"dddd") -> Thursday
... A61: ORD060 | B61: 105 | C61: Pune | D61: Neha | E61: 46032 | F61: 20 | G61: 60 | H61: =_xlfn.XLOOKUP(B61,'Restaurant Details'!A:A,'Restaurant Details'!B:B) -> McDonald's | I61: =TEXT(E61,"dddd") -> Saturday

Sheet TASK4
A3: Row Labels | B3: Count of Order ID | C3: Sum of Delivery Charge (INR)
A4: Ahmedabad | B4: 17 | C4: 900
A5: Bengaluru | B5: 15 | C5: 960
A6: Delhi | B6: 7 | C6: 410
A7: Mumbai | B7: 12 | C7: 790
A8: Pune | B8: 9 | C8: 510
A9: Grand Total | B9: 60 | C9: 3570

Sheet TASK5
A1: FOOD DELIVERY DASHBOARD
A2: TOTAL ORDERS | B2: =GETPIVOTDATA("Count of Order ID",EXTRA!$A$3) -> 12
A3: AVERAGE DELIVERY TIME | B3: =GETPIVOTDATA("Average of Delivery Time (mins)",EXTRA!$A$3) -> 40.083333
B8: TOP RESTAURANTS BY ORDER | C8: Row Labels | D8: Count of Order ID
C9: Domino's Pizza | D9: 5
C10: Haldiram's | D10: 3
C11: Wow! Momo | D11: 2
C12: The Belgian Waffle Co. | D12: 2
C13: Grand Total | D13: 12

Sheet Restaurant Details
A1: Restaurant ID | B1: Restaurant Name
A2: 101 | B2: Burger King
A3: 102 | B3: Domino's Pizza
A4: 103 | B4: Subway
A5: 104 | B5: Haldiram's
A6: 105 | B6: McDonald's
A7: 106 | B7: The Belgian Waffle Co.
A8: 107 | B8: Biryani Blues
A9: 108 | B9: Wow! Momo
A10: 109 | B10: Cafe Coffee Day
A11: 110 | B11: Pizza Hut

Sheet EXTRA
A3: Row Labels | B3: Count of Order ID | C3: Average of Delivery Time (mins)
A4: Domino's Pizza | B4: 5 | C4: 42.2
A5: Haldiram's | B5: 3 | C5: 39.666667
A6: Wow! Momo | B6: 2 | C6: 33.5
A7: The Belgian Waffle Co. | B7: 2 | C7: 42
A8: Grand Total | B8: 12 | C8: 40.083333
